HIF-1a_CTAD	1
Fork_head	14
bZIP_Maf	3
zf-C2H2	82
Dimer_Tnp_hAT	1
PX	1
LIM	8
zf-H2C2_5	5
Myb_DNA-binding	2
SET	3
Ets	6
MBT	3
zf-H2C2_2	104
zf-C4	13
MFS_1	1
Homeobox	50
Hormone_recep	13
HLH	21
SAM_1	2
RVT_1	3
CTF_NFI	1
GATA	2
DUF3899	1
bZIP_2	2
CTNNB1_binding	1
zf-C2H2_6	5
zf-C2H2_4	18
Ras	1
cNMP_binding	1
TLE_N	1
Mcm10	1
TEA	1
bZIP_1	7
Ank_2	1
T-box	3
Helicase_C	1
Pou	4
GCM	1
Homeobox_KN	4
PAS_11	3
rve	3
zf-C2H2_jaz	3
MH1	3
IRF	2
THAP	2
RFX1_trans_act	1
TRAM_LAG1_CLN8	1
OAR	1
HTH_psq	1
CP2	1
Myc_N	1
Tub	1
MH2	3
PAX	5
HMG_box	6
Hairy_orange	3
FAM72	1
Cmyb_C	1
zf-H2C2	1
zf-Di19	1
HNF_C	1
PBC	1
Myb_DNA-bind_5	1
SPRY	1
DDE_Tnp_4	1
TGFb_propeptide	1
Glyco_transf_49	1
E2F_TDP	2
Hormone_2	1
Jun	1
Ion_trans_2	1
COesterase	1
zf-CCHC	1
MADF_DNA_bdg	2
zf-C2H2_2	1
Acetyltransf_1	1
Leu_zip	1
HPD	1
LEDGF	1
RHD	1
Basic	1
gag-asp_proteas	1
SRF-TF	1
Ldl_recept_a	1
BTD	1
TatD_DNase	1
CUT	2
SAM_PNT	2
RFX_DNA_binding	1
Runt	2
DP	1
Peptidase_M3	1
RVP	1
Nrf1_DNA-bind	1
ETS_PEA3_N	1
YEATS	1
SOXp	1
TGF_beta	1
HTH_Tnp_Tc5	1
