"CLUSTER","SPU ID","NAME"
"a1","SPU_017249","Lv-Arxl"
"a1","SPU_026905","Lv-Atf2"
"a1","SPU_023867","Lv-Couptf1"
"a1","SPU_002874","Lv-Ets1/2"
"a1","SPU_010168","Lv-Fog"
"a1","SPU_011635","Lv-FoxJ2_1"
"a1","SPU_017352","Lv-Hox1"
"a1","SPU_027568","Lv-Hox3"
"a1","SPU_003704","Lv-Lef1"
"a1","SPU_018845","Lv-Nr1m4"
"a1","SPU_016650","Lv-Par1"
"a1","SPU_023739","Lv-Pbx_1"
"a1","SPU_006159","Lv-Pitx3_1"
"a1","SPU_012122","Lv-Pknox"
"a1","SPU_014405","Lv-Pnr"
"a1","SPU_010438","Lv-Pou6"
"a1","SPU_023090","Lv-Pric"
"a1","SPU_018366","Lv-Rara"
"a1","SPU_017492","Lv-Reverb"
"a1","SPU_027147","Lv-Riz"
"a1","SPU_022678","Lv-Rora"
"a1","SPU_018392","Lv-Tbx20_1"
"a1","SPU_027218","Lv-Trx"
"a1","SPU_015421","Lv-Trx2"
"a1","SPU_003378","Lv-Z108"
"a1","SPU_012949","Lv-Z122"
"a1","SPU_003490","Lv-Z131"
"a1","SPU_006497","Lv-Z136"
"a1","SPU_022841","Lv-Z142"
"a1","SPU_007046","Lv-Z162"
"a1","SPU_019365","Lv-Z23"
"a1","SPU_012307","Lv-Z322"
"a1","SPU_012911","Lv-Z33"
"a1","SPU_009474","Lv-Z364"
"a1","SPU_019384","Lv-Z367"
"a1","SPU_018909","Lv-Z39"
"a1","SPU_018888","Lv-Z40"
"a1","SPU_014256","Lv-Z411"
"a1","SPU_009198","Lv-Z479"
"a1","SPU_012948","Lv-Z50"
"a2","SPU_006808","Lv-Af9"
"a2","SPU_005358","Lv-Creb"
"a2","SPU_012546","Lv-Ctcf"
"a2","SPU_017404","Lv-Nr1h6"
"a2","SPU_007611","Lv-Rfx3"
"a2","SPU_021566","Lv-Shrls"
"a2","SPU_020722","Lv-Smad1/5/8_1"
"a2","SPU_017642","Lv-Smad2/3"
"a2","SPU_022820","Lv-Soxb1"
"a2","SPU_014249","Lv-Trh"
"a2","SPU_000016","Lv-Unk_48"
"a2","SPU_006865","Lv-Unk_50"
"a2","SPU_022487","Lv-Z106"
"a2","SPU_012198","Lv-Z124"
"a2","SPU_013307","Lv-Z124_1"
"a2","SPU_027709","Lv-Z125"
"a2","SPU_006427","Lv-Z126"
"a2","SPU_007360","Lv-Z129"
"a2","SPU_007361","Lv-Z144"
"a2","SPU_028222","Lv-Z146"
"a2","SPU_015688","Lv-Z154"
"a2","SPU_018075","Lv-Z160"
"a2","SPU_012645","Lv-Z166"
"a2","SPU_019652","Lv-Z189"
"a2","SPU_013611","Lv-Z192"
"a2","SPU_016149","Lv-Z265"
"a2","SPU_018373","Lv-Z308"
"a2","SPU_020481","Lv-Z310"
"a2","SPU_009053","Lv-Z316"
"a2","SPU_018960","Lv-Z317"
"a2","SPU_018680","Lv-Z338"
"a2","SPU_014045","Lv-Z35"
"a2","SPU_005559","Lv-Z356"
"a2","SPU_027912","Lv-Z365"
"a2","SPU_016518","Lv-Z376"
"a2","SPU_003773","Lv-Z392"
"a2","SPU_017811","Lv-Z401"
"a2","SPU_025849","Lv-Z408_1"
"a2","SPU_011226","Lv-Z415"
"a2","SPU_008563","Lv-Z42"
"a2","SPU_012955","Lv-Z422"
"a2","SPU_014817","Lv-Z423"
"a2","SPU_019824","Lv-Z425"
"a2","SPU_026385","Lv-Z427"
"a2","SPU_021851","Lv-Z434"
"a2","SPU_011502","Lv-Z437"
"a2","SPU_005229","Lv-Z440"
"a2","SPU_010458","Lv-Z443"
"a2","SPU_026209","Lv-Z445"
"a2","SPU_010922","Lv-Z458"
"a2","SPU_020726","Lv-Z472"
"a2","SPU_002140","Lv-Z475"
"a2","SPU_014686","Lv-Z478_1"
"a2","SPU_013904","Lv-Z484"
"a2","SPU_002988","Lv-Z49"
"a2","SPU_014683","Lv-Z492"
"a2","SPU_012111","Lv-Z53"
"a2","SPU_001483","Lv-Z59"
"a2","SPU_007108","Lv-Z67"
"a2","SPU_016250","Lv-Z70"
"a2","SPU_026510","Lv-Z74"
"a2","SPU_002554","Lv-Z75"
"a2","SPU_014685","Lv-Z80"
"a2","SPU_012633","none"
"a2","SPU_021164","none"
"a3","SPU_019129","Lv-Eyg"
"a3","SPU_000388","Lv-Hox11/13c"
"a3","SPU_008752","Lv-Nfe2_1"
"a3","SPU_017380","Lv-Six4"
"a3","SPU_011761","Lv-Z295"
"a3","SPU_021205","Lv-Z357"
"a3","SPU_002708","Lv-Z382"
"a3","SPU_006058","Lv-Z464"
"b","SPU_006312","Lv-Dp1"
"b","SPU_024903","Lv-Ese"
"b","SPU_012253","Lv-Eve"
"b","SPU_025590","Lv-FoxM"
"b","SPU_019002","Lv-FoxQ2_1"
"b","SPU_013305","Lv-Grf"
"b","SPU_002631","Lv-Hox11/13b"
"b","SPU_004148","Lv-Krl"
"b","SPU_006991","Lv-Lim1"
"b","SPU_012448","Lv-Ovo"
"b","SPU_008112","Lv-Phb1"
"b","SPU_008117","Lv-Shr2"
"b","SPU_009427","Lv-Z225"
"b","SPU_021947","Lv-Z474"
"b","SPU_020110","Lv-Z474_1"
"b","SPU_012913","Lv-Z92"
"b","SPU_028583","Lv-Zic"
"b","SPU_006421","none"
"c1","SPU_022816","Lv-Alx4"
"c1","SPU_003681","Lv-Atol2"
"c1","SPU_003548","Lv-E78a"
"c1","SPU_018797","Lv-Evi1"
"c1","SPU_014177","Lv-Lbx"
"c1","SPU_006232","Lv-MyoD2"
"c1","SPU_022573","Lv-Nk7"
"c1","SPU_018951","Lv-Prx1"
"c2","SPU_022554","Lv-Ac/Sc3"
"c2","SPU_000990","Lv-Atol1"
"c2","SPU_020975","Lv-Engrailed"
"c2","SPU_021309","Lv-Hox8"
"c2","SPU_007852","Lv-Runt2"
"c2","SPU_013962","Lv-Sim_1"
"d1","SPU_016685","Lv-Ap2"
"d1","SPU_024715","Lv-Cdx"
"d1","SPU_019656","Lv-Cdxl"
"d1","SPU_027648","Lv-FoxD_1"
"d1","SPU_023894","Lv-FoxI"
"d1","SPU_015719","Lv-FoxL1"
"d1","SPU_019345","Lv-FoxQ1"
"d1","SPU_007599","Lv-Glass2"
"d1","SPU_002816","Lv-Hb9"
"d1","SPU_002632","Lv-Hox11/13a"
"d1","SPU_011202","Lv-Meis"
"d1","SPU_027623","Lv-Mist"
"d1","SPU_012008","Lv-Myor2"
"d1","SPU_009231","Lv-Ncsl"
"d1","SPU_007147","Lv-Ngn"
"d1","SPU_012699","Lv-Nkx6-1"
"d1","SPU_014401","Lv-NtL"
"d1","SPU_019290","Lv-Otp"
"d1","SPU_000276","Lv-PaxC"
"d1","SPU_013464","Lv-Phox2"
"d1","SPU_004599","Lv-Pitx2"
"d1","SPU_025632","Lv-Pou4f2"
"d1","SPU_016786","Lv-Rhox3"
"d1","SPU_002448","Lv-Sage"
"d1","SPU_018393","Lv-Scratch"
"d1","SPU_011280","Lv-Sp8"
"d1","SPU_020346","Lv-Tbx6"
"d1","SPU_023522","Lv-Z66"
"d2","SPU_014164","Lv-Barh1"
"d2","SPU_024486","Lv-Dsf"
"d2","SPU_021173","Lv-Fos"
"d2","SPU_018744","Lv-GlisB"
"d2","SPU_002630","Lv-Hox8_1"
"d2","SPU_010404","Lv-Irf"
"d2","SPU_011246","Lv-IrxB"
"d2","SPU_003102","Lv-Jun"
"d2","SPU_017375","Lv-Nr2e6"
"d2","SPU_007242","Lv-Rough"
"d2","SPU_016881","Lv-SoxE"
"d2","SPU_014170","Lv-SoxF"
"d2","SPU_006150","Lv-Tbx1"
"d2","SPU_008703","Lv-Xbp1"
"d2","SPU_010634","Lv-Z447"
"e01","SPU_021491","Lv-Arxl2"
"e01","SPU_027935","Lv-Bmal"
"e01","SPU_028061","Lv-Dac"
"e01","SPU_023366","Lv-Enz1"
"e01","SPU_027446","Lv-Enz2"
"e01","SPU_021123","Lv-L3mbt"
"e01","SPU_013689","Lv-L3mbt_1"
"e01","SPU_013569","Lv-Lmo2t"
"e01","SPU_016168","Lv-Mef2"
"e01","SPU_000861","Lv-Myb"
"e01","SPU_009262","Lv-Oct1-2"
"e01","SPU_004217","Lv-SoxD1"
"e01","SPU_011080","Lv-SoxH"
"e01","SPU_009831","Lv-Sp2"
"e01","SPU_025584","Lv-Tbr"
"e01","SPU_028479","Lv-Tel"
"e01","SPU_014332","Lv-Usf"
"e01","SPU_019407","Lv-Z101"
"e01","SPU_010426","Lv-Z128"
"e01","SPU_011189","Lv-Z141"
"e01","SPU_018673","Lv-Z17"
"e01","SPU_001937","Lv-Z19"
"e01","SPU_004806","Lv-Z197"
"e01","SPU_009646","Lv-Z223"
"e01","SPU_004802","Lv-Z232"
"e01","SPU_007440","Lv-Z282"
"e01","SPU_004807","Lv-Z32"
"e01","SPU_005035","Lv-Z339"
"e01","SPU_012583","Lv-Z383"
"e01","SPU_020563","Lv-Z395"
"e01","SPU_015071","Lv-Z398"
"e01","SPU_006871","Lv-Z45"
"e01","SPU_012914","Lv-Z62"
"e01","SPU_006063","Lv-Z69"
"e01","SPU_011720","Lv-Z90"
"e02","SPU_004702","Lv-Ebf3"
"e02","SPU_011348","Lv-Fxr"
"e02","SPU_018692","Lv-Groucho"
"e02","SPU_013436","Lv-Gsx"
"e02","SPU_017470","Lv-Klf3/8/12"
"e02","SPU_000948","Lv-Lass6"
"e02","SPU_005787","Lv-Mlx"
"e02","SPU_006683","Lv-Pax1-9"
"e02","SPU_019332","Lv-Ppar1"
"e02","SPU_010383","Lv-Z137"
"e02","SPU_020846","Lv-Z233"
"e02","SPU_022800","Lv-Z236"
"e02","SPU_015682","Lv-Z417_1"
"e02","SPU_011583","Lv-Z421"
"e02","SPU_003685","Lv-Z450"
"e02","SPU_014197","Lv-Z55"
"e03","SPU_011315","Lv-Ato"
"e03","SPU_006803","Lv-Creb3l3"
"e03","SPU_027969","Lv-FoxJ1"
"e03","SPU_014528","Lv-Giant"
"e03","SPU_017627","Lv-GliA"
"e03","SPU_001975","Lv-Lhx3-4"
"e03","SPU_025486","Lv-Mox"
"e03","SPU_024918","Lv-NeuroD1"
"e03","SPU_023339","Lv-Nfia"
"e03","SPU_024307","Lv-NfIL3"
"e03","SPU_005472","Lv-Nkx2.5"
"e03","SPU_015456","Lv-Nr1h6b"
"e03","SPU_017491","Lv-Nr1m1"
"e03","SPU_013178","Lv-Nr1m3"
"e03","SPU_021289","Lv-Ppar2"
"e03","SPU_027362","Lv-Top1L"
"e03","SPU_017656","Lv-Z10"
"e03","SPU_000437","Lv-Z211"
"e03","SPU_015495","Lv-Z224"
"e03","SPU_026110","Lv-Z262"
"e04","SPU_001519","Lv-Barx"
"e04","SPU_017287","Lv-Hand"
"e05","SPU_025302","Lv-Alx1"
"e05","SPU_023037","Lv-Bbx"
"e05","SPU_026633","Lv-Dmtf"
"e05","SPU_015358","Lv-Egr"
"e05","SPU_017636","Lv-Hypp_886"
"e05","SPU_004844","Lv-Lztf1_1"
"e05","SPU_022163","Lv-Max"
"e05","SPU_026465","Lv-Mll3"
"e05","SPU_026205","Lv-Mnt"
"e05","SPU_013134","Lv-Nr2C"
"e05","SPU_009413","Lv-Nxf"
"e05","SPU_010424","Lv-Otx"
"e05","SPU_017725","Lv-P3a2"
"e05","SPU_018351","Lv-PaxB"
"e05","SPU_025113","Lv-Soxb2"
"e05","SPU_014793","Lv-Spalt"
"e05","SPU_027774","Lv-Srf"
"e05","SPU_021210","Lv-Tead4"
"e05","SPU_010295","Lv-Yyi"
"e05","SPU_008377","Lv-Z105"
"e05","SPU_028045","Lv-Z110"
"e05","SPU_019435","Lv-Z114"
"e05","SPU_011611","Lv-Z134"
"e05","SPU_021382","Lv-Z202"
"e05","SPU_012724","Lv-Z218"
"e05","SPU_008358","Lv-Z229"
"e05","SPU_011687","Lv-Z258"
"e05","SPU_009553","Lv-Z263"
"e05","SPU_017846","Lv-Z313"
"e05","SPU_025959","Lv-Z314"
"e05","SPU_021757","Lv-Z347"
"e05","SPU_028753","Lv-Z359"
"e05","SPU_014643","Lv-Z372"
"e05","SPU_022024","Lv-Z410"
"e05","SPU_012632","Lv-Z417"
"e05","SPU_024745","Lv-Z52"
"e05","SPU_021383","Lv-Z56"
"e05","SPU_022892","Lv-Z61"
"e05","SPU_006064","Lv-Z79"
"e05","SPU_013576","Lv-Z96"
"e06","SPU_007749","Lv-Atf6b"
"e06","SPU_027235","Lv-Blimp1"
"e06","SPU_020451","Lv-Bra_1"
"e06","SPU_012838","Lv-Creb3l1"
"e06","SPU_006753","Lv-E2f3"
"e06","SPU_028827","Lv-E2f4"
"e06","SPU_002592","Lv-Emx"
"e06","SPU_018483","Lv-Erg"
"e06","SPU_015243","Lv-FoxN2/3"
"e06","SPU_006462","Lv-Gcm"
"e06","SPU_023177","Lv-Hbn"
"e06","SPU_021608","Lv-HesC"
"e06","SPU_015374","Lv-Id"
"e06","SPU_020311","Lv-Klf2/4"
"e06","SPU_003705","Lv-Mta1_1"
"e06","SPU_003166","Lv-Myc"
"e06","SPU_000756","Lv-Nk2-2"
"e06","SPU_002129","Lv-Not"
"e06","SPU_026763","Lv-Scml1"
"e06","SPU_001998","Lv-Smad6/7"
"e06","SPU_002603","Lv-SoxC"
"e06","SPU_023386","Lv-Tbx2/3"
"e06","SPU_000440","Lv-Z115"
"e06","SPU_017427","Lv-Z155"
"e06","SPU_013861","Lv-Z190"
"e06","SPU_015800","Lv-Z246"
"e06","SPU_017848","Lv-Z313_2"
"e06","SPU_027708","Lv-Z491"
"e07","SPU_018954","Lv-Awh"
"e07","SPU_014809","Lv-FoxL2"
"e07","SPU_013843","Lv-FtzF"
"e07","SPU_005169","Lv-Hox5"
"e07","SPU_015983","Lv-MyoD3"
"e07","SPU_030060","Lv-Pu1"
"e07","SPU_013119","Lv-Sage_1"
"e07","SPU_015767","Lv-Z57"
"e07","SPU_018850","Lv-Z63"
"e07","SPU_021843","Lv-Z64"
"e08","SPU_022817","Lv-Alx1_1"
"e08","SPU_012586","Lv-Fax1"
"e08","SPU_027015","Lv-GataC"
"e08","SPU_016445","Lv-Myor4"
"e08","SPU_028093","Lv-Scl"
"e08","SPU_019268","Lv-Shox"
"e08","SPU_017947","Lv-Z116"
"e08","SPU_007636","Lv-Z306"
"e09","SPU_017348","Lv-Atbf1"
"e09","SPU_028698","Lv-FoxO_1"
"e09","SPU_010403","Lv-FoxY"
"e09","SPU_026292","Lv-Glis1_1"
"e09","SPU_014802","Lv-Hlx"
"e09","SPU_016449","Lv-Hnf6"
"e09","SPU_002634","Lv-Hox7"
"e09","SPU_026877","Lv-Irf4"
"e09","SPU_010351","Lv-IrxA"
"e09","SPU_022049","Lv-Msx"
"e09","SPU_014539","Lv-Pax2-5-8"
"e09","SPU_002677","Lv-Ptf1a"
"e09","SPU_028422","Lv-Rxr"
"e09","SPU_017379","Lv-Six1/2"
"e09","SPU_001113","Lv-Sna"
"e09","SPU_018126","Lv-Tgif"
"e09","SPU_027487","Lv-Tll_1"
"e09","SPU_001739","Lv-Unc4-1"
"e09","SPU_015362","Lv-Z167"
"e10","SPU_003920","Lv-Barx_1"
"e10","SPU_000485","Lv-Chx10"
"e10","SPU_021192","Lv-Hnf4"
"e10","SPU_021119","Lv-MyoD"
"e10","SPU_014461","Lv-Pitx1"
"e10","SPU_015640","Lv-ScratchX"
"e10","SPU_027753","Lv-Z347_1"
"e11","SPU_019338","Lv-Alx"
"e11","SPU_016443","Lv-Brn1-2-4"
"e11","SPU_024139","Lv-FoxC"
"e11","SPU_000975","Lv-FoxF"
"e11","SPU_015712","Lv-Hey4"
"e11","SPU_023730","Lv-Isl"
"e11","SPU_026418","Lv-Klf11"
"e11","SPU_015772","Lv-Klf15"
"e11","SPU_012772","Lv-Klf7"
"e11","SPU_014157","Lv-Lmx1"
"e11","SPU_026099","Lv-Lox"
"e11","SPU_006583","Lv-Mad"
"e11","SPU_011297","Lv-Mbx1"
"e11","SPU_020565","Lv-Msxl"
"e11","SPU_024877","Lv-Osr"
"e11","SPU_016523","Lv-Rar"
"e11","SPU_007253","Lv-Srebp"
"e11","SPU_012050","Lv-Z11"
"e11","SPU_006637","Lv-Z193"
"e11","SPU_012083","Lv-Z235"
"f1","SPU_000129","Lv-Arnt"
"f1","SPU_021689","Lv-Eif2Ba"
"f1","SPU_004723","Lv-Err"
"f1","SPU_025010","Lv-FoxK"
"f1","SPU_010635","Lv-Gatae"
"f1","SPU_023727","Lv-Klf13"
"f1","SPU_025126","Lv-Large_1"
"f1","SPU_019586","Lv-Lmo4"
"f1","SPU_007981","Lv-Lmpt"
"f1","SPU_005667","Lv-Mcm10"
"f1","SPU_011576","Lv-Nr1m2"
"f1","SPU_014576","Lv-Pea"
"f1","SPU_015984","Lv-Prox1"
"f1","SPU_016617","Lv-Tulp4L"
"f1","SPU_009225","Lv-Unk_49"
"f1","SPU_028301","Lv-Z163"
"f1","SPU_013407","Lv-Z175"
"f1","SPU_011260","Lv-Z181"
"f1","SPU_017682","Lv-Z203"
"f1","SPU_007169","Lv-Z219"
"f1","SPU_010914","Lv-Z25_1"
"f1","SPU_003848","Lv-Z298"
"f1","SPU_019653","Lv-Z309"
"f1","SPU_024953","Lv-Z34"
"f1","SPU_001648","Lv-Z355"
"f1","SPU_007957","Lv-Z370"
"f1","SPU_003239","Lv-Z373"
"f1","SPU_026390","Lv-Z426"
"f1","SPU_028679","Lv-Z481"
"f1","SPU_014684","Lv-Z94"
"f2","SPU_019915","Lv-Apa"
"f2","SPU_018423","Lv-Ash2"
"f2","SPU_001262","Lv-Birc6"
"f2","SPU_017407","Lv-Clock"
"f2","SPU_014836","Lv-Cp2"
"f2","SPU_003595","Lv-Cutl"
"f2","SPU_016343","Lv-E12"
"f2","SPU_014628","Lv-Erf"
"f2","SPU_017579","Lv-GlisC"
"f2","SPU_006813","Lv-Hairy"
"f2","SPU_026962","Lv-Ldb2"
"f2","SPU_008845","Lv-Mlx/Ip"
"f2","SPU_009642","Lv-Rreb1"
"f2","SPU_004287","Lv-Smad4"
"f2","SPU_003470","Lv-Spz12"
"f2","SPU_018861","Lv-Thrb"
"f2","SPU_013406","Lv-Z118"
"f2","SPU_019959","Lv-Z14"
"f2","SPU_012912","Lv-Z150"
"f2","SPU_009847","Lv-Z156"
"f2","SPU_017750","Lv-Z159"
"f2","SPU_007190","Lv-Z185"
"f2","SPU_012315","Lv-Z215"
"f2","SPU_015751","Lv-Z220"
"f2","SPU_009685","Lv-Z227"
"f2","SPU_011001","Lv-Z257"
"f2","SPU_024748","Lv-Z276"
"f2","SPU_014923","Lv-Z28"
"f2","SPU_027918","Lv-Z288"
"f2","SPU_000017","Lv-Z307"
"f2","SPU_015683","Lv-Z326"
"f2","SPU_013415","Lv-Z328"
"f2","SPU_027919","Lv-Z344"
"f2","SPU_007011","Lv-Z346"
"f2","SPU_002586","Lv-Z366"
"f2","SPU_011380","Lv-Z368"
"f2","SPU_019508","Lv-Z371"
"f2","SPU_013902","Lv-Z386"
"f2","SPU_002707","Lv-Z388"
"f2","SPU_019651","Lv-Z391"
"f2","SPU_025850","Lv-Z408"
"f2","SPU_011879","Lv-Z412"
"f2","SPU_010924","Lv-Z416"
"f2","SPU_023510","Lv-Z444"
"f2","SPU_000578","Lv-Z460"
"f2","SPU_002008","Lv-Z480"
"f2","SPU_002009","Lv-Z480_1"
"f2","SPU_014687","Lv-Z494"
"f2","SPU_017441","Lv-Z65"
"f2","SPU_020480","Lv-Z77"
"f2","SPU_005071","Lv-Z87"
"f2","SPU_000540","Lv-Z98"
"f3","SPU_026767","Lv-Abcg10"
"f3","SPU_025292","Lv-Cic"
"f3","SPU_020123","Lv-ElfB"
"f3","SPU_021172","Lv-Fra2"
"f3","SPU_025492","Lv-Gbx"
"f3","SPU_009465","Lv-Hey"
"f3","SPU_027215","Lv-Hhex"
"f3","SPU_004414","Lv-Hlf"
"f3","SPU_005171","Lv-Hox6"
"f3","SPU_008177","Lv-Nfkb"
"f3","SPU_000757","Lv-Nkx2.1"
"f3","SPU_013047","Lv-Nkx3-2"
"f3","SPU_004526","Lv-Nr1h6c"
"f3","SPU_028255","Lv-Nr1x"
"f3","SPU_027334","Lv-PaxA"
"f3","SPU_024093","Lv-Phb2"
"f3","SPU_018908","Lv-Six3"
"f3","SPU_022242","Lv-Smad_ip"
"f3","SPU_024189","Lv-Sp5"
"f3","SPU_002674","Lv-TfIIIa"
"f3","SPU_023320","Lv-Trpc5_2"
"f3","SPU_016490","Lv-Z145"
"f3","SPU_025125","Lv-Z147"
"f3","SPU_017849","Lv-Z313_3"
"f3","SPU_002090","Lv-Z342"
"f4","SPU_028148","Lv-Ac/Sc"
"f4","SPU_025482","Lv-Ash1"
"f4","SPU_002815","Lv-Dlx"
"f4","SPU_006676","Lv-FoxA"
"f4","SPU_004551","Lv-FoxB"
"f4","SPU_009771","Lv-FoxG"
"f4","SPU_015982","Lv-Gsc"
"f4","SPU_006814","Lv-Hairy2/4"
"f4","SPU_002633","Lv-Hox9/10"
"f4","SPU_027472","Lv-Ia1"
"f4","SPU_004021","Lv-Limc1"
"f4","SPU_025888","Lv-Maf"
"f4","SPU_008175","Lv-Mitf"
"f4","SPU_011174","Lv-Nfe2"
"f4","SPU_012491","Lv-Nk1"
"f4","SPU_000255","Lv-Nurr1"
"f4","SPU_006917","Lv-Runt1"
"f4","SPU_018246","Lv-Smad6/7_1"
"f4","SPU_019089","Lv-Z133"
"f4","SPU_000603","Lv-Z135"
"f4","SPU_006484","Lv-Z204"
