"LIM_bind"	1
"PHD"	2
"Fork_head"	4
"BIR"	1
"HLH"	12
"zf-C2H2"	0
"tRNA-synt_2c"	1
"zf-H2C2_2"	57
"Hormone_recep"	5
"Homeobox"	13
"PAP2"	1
"zf-C4"	11
"Asp_protease_2"	1
"CASP_C"	1
"SRF-TF"	1
"NfI_DNAbd_pre-N"	1
"zf-C2H2_4"	7
"HMG_box"	4
"TRP_2"	1
"Phage_T4_gp36"	1
"zf-C2H2_jaz"	1
"SET"	1
"PAX"	1
"Ski_Sno"	1
"TIG"	1
"bZIP_2"	1
"Homeobox_KN"	1
"Ets"	2
"zf-Di19"	1
"DUF3643"	1
"Myb_DNA-bind_5"	1
"bZIP_1"	2
"IF-2B"	1
"PET"	1
"Pkinase_Tyr"	1
"bZIP_Maf"	1
"Neuro_bHLH"	1
"PAS_11"	2
"RVT_1"	1
"BAH"	1
"T-box"	2
"zf-H2C2"	1
"MAPEG"	1
"zf-met"	1
"ELM2"	1
"C1_4"	1
"LIM"	1
"MH2"	1
"TF_AP-2"	1
