HMG_box	10
zf-C2H2	105
Fork_head	18
Homeobox	63
HLH	33
zf-H2C2_5	5
zf-C4	24
Hormone_recep	18
zf-H2C2_2	138
GATA	2
Homeobox_KN	5
HPD	1
IRF	2
Ras	1
CASP_C	1
CUT	2
PHD	2
zf-C2H2_4	25
bZIP_Maf	4
zf-C2H2_6	5
LEDGF	1
Helicase_C	1
Hairy_orange	3
Neuro_bHLH	1
PAS_11	5
T-box	5
LIM	9
MADF_DNA_bdg	2
MH1	3
MH2	4
TF_AP-2	1
CTNNB1_binding	1
SRF-TF	2
MBT	3
RVT_1	4
Myb_DNA-binding	2
Cmyb_C	1
PBC	1
TIG	1
PAX	6
THAP	2
Ets	8
Pou	4
PAP2	1
Hormone_2	1
SET	4
zf-C2H2_jaz	4
ELM2	1
Runt	2
Myb_DNA-bind_5	2
Peptidase_M3	1
bZIP_1	9
BTD	1
SPRY	1
Dimer_Tnp_hAT	1
tRNA-synt_2c	1
HIF-1a_CTAD	1
DUF3643	1
BIR	1
YEATS	1
NfI_DNAbd_pre-N	1
CTF_NFI	1
E2F_TDP	2
Mcm10	1
OAR	1
rve	3
Jun	1
TGF_beta	1
TGFb_propeptide	1
LIM_bind	1
DUF3899	1
FAM72	1
Phage_T4_gp36	1
zf-Di19	2
Pkinase_Tyr	1
Myc_N	1
bZIP_2	3
Acetyltransf_1	1
TLE_N	1
zf-C2H2_2	1
Ski_Sno	1
Ldl_recept_a	1
TEA	1
RHD	1
IF-2B	1
RFX_DNA_binding	1
RFX1_trans_act	1
MAPEG	1
COesterase	1
BAH	1
Nrf1_DNA-bind	1
DDE_Tnp_4	1
C1_4	1
SAM_PNT	2
TRAM_LAG1_CLN8	1
TRP_2	1
zf-CCHC	1
TatD_DNase	1
zf-H2C2	2
Ank_2	1
gag-asp_proteas	1
Asp_protease_2	1
RVP	1
CP2	1
SAM_1	2
PX	1
PET	1
MFS_1	1
Glyco_transf_49	1
SOXp	1
Basic	1
Tub	1
HNF_C	1
zf-met	1
Leu_zip	1
HTH_psq	1
HTH_Tnp_Tc5	1
Ion_trans_2	1
cNMP_binding	1
GCM	1
DP	1
ETS_PEA3_N	1
