record_id	tool	candidate_id
NM_000546.6	python_raw	NM_000546.6:raw:16
NM_000546.6	python_raw	NM_000546.6:raw:5
NM_002467.6	python_raw	NM_002467.6:raw:21
NM_002467.6	python_raw	NM_002467.6:raw:22
NM_000280.5	python_raw	NM_000280.5:raw:17
NM_000125.4	python_raw	NM_000125.4:raw:27
NM_000125.4	python_raw	NM_000125.4:raw:42
NM_000125.4	python_raw	NM_000125.4:raw:43
NM_000125.4	python_raw	NM_000125.4:raw:7
NM_004496.4	python_raw	NM_004496.4:raw:17
NM_000457.5	python_raw	NM_000457.5:raw:20
NM_000457.5	python_raw	NM_000457.5:raw:54
NM_001754.5	python_raw	NM_001754.5:raw:43
NM_152739.4	python_raw	NM_152739.4:raw:3
NM_152739.4	python_raw	NM_152739.4:raw:5
NM_000546.6	adapter_corrected	NM_000546.6:adapter:16
NM_000546.6	adapter_corrected	NM_000546.6:adapter:5
NM_002467.6	adapter_corrected	NM_002467.6:adapter:21
NM_002467.6	adapter_corrected	NM_002467.6:adapter:22
NM_000280.5	adapter_corrected	NM_000280.5:adapter:17
NM_000125.4	adapter_corrected	NM_000125.4:adapter:27
NM_000125.4	adapter_corrected	NM_000125.4:adapter:42
NM_000125.4	adapter_corrected	NM_000125.4:adapter:43
NM_000125.4	adapter_corrected	NM_000125.4:adapter:7
NM_004496.4	adapter_corrected	NM_004496.4:adapter:17
NM_000457.5	adapter_corrected	NM_000457.5:adapter:20
NM_000457.5	adapter_corrected	NM_000457.5:adapter:54
NM_001754.5	adapter_corrected	NM_001754.5:adapter:43
NM_152739.4	adapter_corrected	NM_152739.4:adapter:3
NM_152739.4	adapter_corrected	NM_152739.4:adapter:5
